,np.tanh(std_delta_len),instruction_difficulty,not_gamed_baseline.astype(float)
Mixtral SFT (Mixtral),-1.2084437667927934,0.0537892088105330,0.2378002013198507
Llamav2-7B SFT (Mixtral),-0.1753613674493645,0.1531186838663532,-0.7886167655643785
Mixtral SFT (Llamav2),-0.9886477553262872,0.0437331159041186,0.1635959314419846
Mixtral-8x7B Instruct,-1.2378461159809981,0.0073349856830110,0.1648153670319262
