,np.tanh(std_delta_len),instruction_difficulty,not_gamed_baseline.astype(float)
Llamav2-7B,-0.4717006562383244,0.1012204621554396,-0.1455582218918579
Llamav2-7B SFT (Mixtral),-0.8763684689721687,0.0948642044631770,-0.6678069672275324
Mixtral SFT (Mixtral),-0.3431301970615567,0.0849330327061900,-0.0281391436347525
Mixtral SFT (Llamav2),0.0000000000000000,0.0000000000000000,0.0000000000000000
Llamav2-7B SFT (Llamav2),-0.4683199974811772,0.0724363148798816,-0.1875682319441721
Mixtral-8x7B Instruct,-0.5035442655931333,0.1106316776456574,-0.2440437005923233
