,np.tanh(std_delta_len),instruction_difficulty,not_gamed_baseline.astype(float)
Llamav2-7B SFT (Mixtral),-0.6280650058788874,0.1040575322429099,-0.5173576931706876
Mixtral SFT (Llamav2),-0.4223207520204009,0.0742491120229821,0.0000000000000000
Mixtral-8x7B Instruct,-0.5495635494255214,0.1095102976532688,-0.2495837405312945
