,np.tanh(std_delta_len),instruction_difficulty,not_gamed_baseline.astype(float)
Llamav2-7B SFT (Mixtral),-0.6533723020742169,0.0950232954471343,-0.5437749437721681
Mixtral SFT (Llamav2),-0.5119016275935540,0.0911995875377649,-0.0516429606735935
Mixtral-8x7B Instruct,-0.5480672561333830,0.1067830257817630,-0.2263386032025464
