,np.tanh(std_delta_len),instruction_difficulty,not_gamed_baseline.astype(float)
Llamav2-7B SFT (Llamav2),-0.2942665133503721,0.1007497451685756,0.0000000000000000
Mixtral SFT (Mixtral),-0.4489739987392111,0.1014652474926820,0.1052956268190592
Llamav2-7B SFT (Mixtral),-0.5591178568607734,0.1103789185411326,-0.3888129408302537
Mixtral SFT (Llamav2),-0.5052665471972555,0.0970133468459256,0.1342039079116049
Mixtral-8x7B Instruct,-0.4449620112396455,0.1178809730933791,-0.0653616059346719
