,np.tanh(std_delta_len),instruction_difficulty,not_gamed_baseline.astype(float)
Mixtral SFT (Mixtral),-0.4494241118191390,0.0979245016788504,0.1254064329308141
Llamav2-7B SFT (Mixtral),-0.4626800070452191,0.1009399639276367,-0.3072298599976273
Mixtral SFT (Llamav2),-0.5124470981750442,0.0950621376636836,0.1632912175133337
Mixtral-8x7B Instruct,-0.4656244854985664,0.1086018452166467,-0.0606049816813169
