,np.tanh(std_delta_len),instruction_difficulty,not_gamed_baseline.astype(float)
Llamav2-7B SFT (Mixtral),-0.0452230418134051,0.1480184155644380,-0.9272916868522034
Mixtral SFT (Llamav2),-1.1195525871541765,0.1350394965178318,0.0000000000000000
Mixtral-8x7B Instruct,-1.0374353376438019,0.1144978354054427,-0.0664313761477422
