,np.tanh(std_delta_len),instruction_difficulty,not_gamed_baseline.astype(float)
Llamav2-7B SFT (Llamav2),-0.3467860317144744,0.1291543851113447,-0.0968061632922909
Mixtral SFT (Mixtral),-0.5300942218634932,0.1096880351267520,0.1307078671040005
Llamav2-7B SFT (Mixtral),-0.4770189190653272,0.1131197777020675,-0.3600835753258597
Mixtral SFT (Llamav2),-0.5558173516833025,0.0753889324912045,0.1634999225558396
Mixtral-8x7B Instruct,-0.4619210912614181,0.1027223548364571,-0.0563361851636065
