,np.tanh(std_delta_len),instruction_difficulty,not_gamed_baseline.astype(float)
Mixtral SFT (Llamav2),-0.2397253733282929,0.0535337891480010,0.9142187302040256
Mixtral-8x7B Instruct,-0.4664845935818813,0.0422161486135717,1.0421163251027254
