,np.tanh(std_delta_len),instruction_difficulty,not_gamed_baseline.astype(float)
Mixtral SFT (Llamav2),-0.6690439453534797,0.1137310467462569,0.4590569856878766
Mixtral-8x7B Instruct,-0.3830522085716633,0.0841909977482808,0.1414965403904631
