,np.tanh(std_delta_len),instruction_difficulty,not_gamed_baseline.astype(float)
Mixtral SFT (Mixtral),-0.4637161432054176,0.0797058808143236,0.1466913678422193
Llamav2-7B SFT (Mixtral),-0.4914747765810310,0.1001132796018578,-0.3284495552679725
Mixtral SFT (Llamav2),-0.5068666090164607,0.0909640548046957,0.1773849603513430
Mixtral-8x7B Instruct,-0.3825257502748317,0.1218900158654652,0.0000000000000000
