,np.tanh(std_delta_len),instruction_difficulty,not_gamed_baseline.astype(float)
Llamav2-7B SFT (Llamav2),-1.0754569801663021,0.1087146421672453,-0.1680906484381243
Mixtral SFT (Mixtral),-1.3904894618958834,0.1096716255049947,0.0776132556183980
Llamav2-7B SFT (Mixtral),-0.2429236317729366,0.1713747401776972,-0.9556576976328336
Mixtral SFT (Llamav2),-1.0288922868800403,0.0771695684133490,0.0698926833367522
Mixtral-8x7B Instruct,-1.3480607798571045,0.1001461392471272,0.0000000000000000
