,np.tanh(std_delta_len),instruction_difficulty,not_gamed_baseline.astype(float)
Llamav2-7B SFT (Llamav2),-1.0695339145592155,0.0900209035006964,-0.0796295955451045
Mixtral SFT (Mixtral),-1.4543873464771864,0.0909485539426601,0.0000000000000000
Llamav2-7B SFT (Mixtral),-0.4313191451727707,0.0903251574999318,-1.1303377797359755
Mixtral SFT (Llamav2),-1.3515929793122408,0.1535063355480089,-0.2224753249913197
Mixtral-8x7B Instruct,-1.3774149353145257,0.0716226658742465,0.5682201979250374
