,np.tanh(std_delta_len),instruction_difficulty,not_gamed_baseline.astype(float)
Llamav2-7B SFT (Llamav2),-1.0839105592334053,0.0738573728200728,-0.0854027901407663
Mixtral SFT (Mixtral),-1.4567009998320948,0.0974428301716205,-0.0399910433664234
Llamav2-7B SFT (Mixtral),-0.3617422231789622,0.1052519215903922,-1.1185984052649047
Mixtral SFT (Llamav2),-1.3978966306477720,0.1609593299182541,-0.2522535553041392
Mixtral-8x7B Instruct,-1.4639551861519777,0.0414586040655102,0.5901745344625992
