,np.tanh(std_delta_len),instruction_difficulty,not_gamed_baseline.astype(float)
Llamav2-7B SFT (Llamav2),-1.4377441124030170,0.5109575030674627,-1.0831723458831248
Mixtral-8x7B Instruct,0.0000000000000000,0.0000000000000000,0.0000000000000000
Llamav2-7B,-0.8668737515485412,0.1240003483869789,-0.7771413190549956
