,np.tanh(std_delta_len),instruction_difficulty,not_gamed_baseline.astype(float)
Llamav2-7B SFT (Mixtral),-0.4228315005742987,0.1138078235930009,-0.8260788943175974
Mixtral SFT (Llamav2),-1.2716195802536616,0.0775853836179954,-0.3412085734232680
Mixtral-8x7B Instruct,-1.4690706553128474,0.0130019762562773,0.7366793692516215
