,np.tanh(std_delta_len),instruction_difficulty,not_gamed_baseline.astype(float)
Mixtral SFT (Mixtral),-1.2410373154265093,0.1208460078406530,0.7836023306281095
Llamav2-7B SFT (Mixtral),-0.3547570465431642,0.1687782933992127,-1.3362150133583517
Mixtral SFT (Llamav2),-1.0590022600546165,0.1021695782569712,-0.0901484343620172
Mixtral-8x7B Instruct,-1.3925945134252138,0.0317458647777473,0.6494696834280982
