,np.tanh(std_delta_len),instruction_difficulty,not_gamed_baseline.astype(float)
Mixtral SFT (Llamav2),-0.4154087928800390,0.0967290202078524,0.6631299102850239
Mixtral-8x7B Instruct,-0.6863589572510843,0.0685060002756865,1.8410007853615522
