,np.tanh(std_delta_len),instruction_difficulty,not_gamed_baseline.astype(float)
Mixtral SFT (Llamav2),-0.3398183575158302,0.1030602376088859,1.2021062501626896
Mixtral-8x7B Instruct,-0.5866755692063224,0.0885197222130257,1.9419779173556340
