,np.tanh(std_delta_len),instruction_difficulty,not_gamed_baseline.astype(float)
Llamav2-7B SFT (Mixtral),-0.3448097593169808,0.2441680491754004,-1.8856539047533960
Mixtral SFT (Llamav2),-0.9863226007262856,0.1650486275218458,-0.6994211918099176
Mixtral-8x7B Instruct,-1.0750160427921696,0.0178238401383534,-0.0915769911823291
