,np.tanh(std_delta_len),instruction_difficulty,not_gamed_baseline.astype(float)
Llamav2-7B SFT (Llamav2),-1.0655058553068140,0.1053806994949438,-0.1247529681374545
Mixtral SFT (Mixtral),-1.1388438343298914,0.0570180250775708,0.6024294703906878
Llamav2-7B SFT (Mixtral),-0.3996231335665080,0.1339652870619125,-1.2537458527403302
Mixtral SFT (Llamav2),-1.0610609424376565,0.1121987397202394,-0.0561427237504756
Mixtral-8x7B Instruct,-1.2663557803286964,-0.0114320229162628,0.7503256794289858
