,np.tanh(std_delta_len),instruction_difficulty,not_gamed_baseline.astype(float)
Llamav2-7B SFT (Mixtral),-0.5003790788213668,0.1147630905453273,-0.9000015670158524
Mixtral SFT (Llamav2),-1.3011424096312787,0.0743687165671565,-0.2839890024309920
Mixtral-8x7B Instruct,-1.5020883487767207,0.0313124271368314,0.6187761322418149
