,np.tanh(std_delta_len),instruction_difficulty,not_gamed_baseline.astype(float)
Mixtral SFT (Mixtral),-1.3712821708179486,0.1032286659247472,0.0947236056754451
Llamav2-7B SFT (Mixtral),-0.4168018211431930,0.1459046348922910,-1.0615354937586621
Mixtral SFT (Llamav2),-1.3118069657253577,0.1218130316628474,-0.1047499731909373
Mixtral-8x7B Instruct,-1.5236778274559439,0.0766749574007400,0.6867118003462828
