,np.tanh(std_delta_len),instruction_difficulty,not_gamed_baseline.astype(float)
Mixtral SFT (Mixtral),-1.3070992181640375,0.0964552798756057,0.1360599448366274
Llamav2-7B SFT (Mixtral),-0.3644968658547139,0.1552538013054033,-0.9920038502077978
Mixtral SFT (Llamav2),-1.2430510366379144,0.1282905124352530,-0.0925408986247091
Mixtral-8x7B Instruct,-1.4555736644033006,0.0713689105474809,0.6597442191414284
