,np.tanh(std_delta_len),instruction_difficulty,not_gamed_baseline.astype(float)
Llamav2-7B SFT (Llamav2),-0.5515056802382278,0.1108134409756196,0.0052926424372803
Mixtral SFT (Mixtral),-0.6213546269359449,0.0871061967408898,-0.0236466523555754
Llamav2-7B SFT (Mixtral),-0.6406821537571556,0.1153468612664764,-0.3557847333710902
Mixtral SFT (Llamav2),-0.7290280880304960,0.0984701996321459,-0.0085701884307531
Mixtral-8x7B Instruct,-0.6384809883211924,0.0843138252249355,-0.1160594512222529
