,np.tanh(std_delta_len),instruction_difficulty,not_gamed_baseline.astype(float)
Mixtral SFT (Mixtral),-0.5936813170509591,0.0749701300827893,-0.0170991777955747
Llamav2-7B SFT (Mixtral),-0.5295227459286540,0.0939444527231330,-0.3139511755877267
Mixtral SFT (Llamav2),-0.6495372846000590,0.0696277041104367,-0.0104826733309223
Mixtral-8x7B Instruct,-0.6776418399752893,0.0826572128396308,-0.1029740926811424
