,np.tanh(std_delta_len),instruction_difficulty,not_gamed_baseline.astype(float)
Llamav2-7B,-0.5478995756243640,0.0916885086965439,-0.0968816305986250
Mixtral SFT (Mixtral),0.0000000000000000,0.0000000000000000,0.0000000000000000
Llamav2-7B SFT (Llamav2),-0.5130519540065418,0.0827528385925092,-0.1948928603674837
Llamav2-7B SFT (Mixtral),-0.4070474796074563,0.2484810373652606,-1.9020925345354900
Mixtral SFT (Llamav2),-1.2682400988166329,0.2140563405441879,-0.7500086748874280
Mixtral-8x7B Instruct,-1.2844650783260998,0.0414291409961062,0.0000000000000000
