,np.tanh(std_delta_len),instruction_difficulty,not_gamed_baseline.astype(float)
Mixtral SFT (Mixtral),-0.4581581802521593,0.0694851917260468,0.0899958481643456
Llamav2-7B SFT (Mixtral),-0.4730801394670227,0.0978724827570559,-0.2856182232263215
Mixtral SFT (Llamav2),-0.6235734682151186,0.0676785891577587,0.1115043649839619
Mixtral-8x7B Instruct,-0.5579027870008051,0.1041855554710449,-0.0438132634401681
