,np.tanh(std_delta_len),instruction_difficulty,not_gamed_baseline.astype(float)
Mixtral SFT (Llamav2),-0.2402903977358083,0.1324017671041794,1.1338633895918873
Mixtral-8x7B Instruct,-0.8906917871915538,0.0602366209942358,2.2410046002539854
