,np.tanh(std_delta_len),instruction_difficulty,not_gamed_baseline.astype(float)
Llamav2-7B,-0.5478995756243640,0.0916885086965439,-0.0968816305986250
Mixtral SFT (Mixtral),0.0000000000000000,0.0000000000000000,0.0000000000000000
Llamav2-7B SFT (Llamav2),-0.5130519540065418,0.0827528385925092,-0.1948928603674837
Llamav2-7B SFT (Mixtral),-0.6971900823819996,0.1131254519388574,-0.4586315539916911
Mixtral SFT (Llamav2),-0.5121885405575438,0.0828391040428150,-0.0094145802636052
Mixtral-8x7B Instruct,-0.7421042943703544,0.1178809949417334,-0.2160890021102827
