,np.tanh(std_delta_len),instruction_difficulty,not_gamed_baseline.astype(float)
Llamav2-7B SFT (Llamav2),-1.3059814576911302,0.0686127616472088,-0.1182730833764287
Mixtral SFT (Mixtral),-1.5788119023573564,0.0885799441919384,0.7546212838802636
Llamav2-7B SFT (Mixtral),-0.4101671646464811,0.1676130389172817,-1.3223387403699112
Mixtral SFT (Llamav2),-1.1558348267443279,0.0831237918916194,-0.0026180681065544
Mixtral-8x7B Instruct,-1.4802469387278860,0.0227847429897117,0.7240376133725587
