,np.tanh(std_delta_len),instruction_difficulty,not_gamed_baseline.astype(float)
Llamav2-7B SFT (Llamav2),-0.5057142784272275,0.0793771638071720,0.0001869780937388
Mixtral SFT (Mixtral),-0.6536523126447146,0.0756560217173170,0.1242079494805379
Llamav2-7B SFT (Mixtral),-0.5979397187371253,0.0989944924460683,-0.3319331966421910
Mixtral SFT (Llamav2),-0.7520728228616319,0.0585421432745988,0.1098552473143061
Mixtral-8x7B Instruct,-0.5478354855836791,0.0745435545612444,-0.0154356477483026
