,np.tanh(std_delta_len),instruction_difficulty,not_gamed_baseline.astype(float)
Mixtral SFT (Mixtral),-1.2802803171840968,0.0966792627424727,0.9397512603587967
Llamav2-7B SFT (Mixtral),-0.3803801085490983,0.1570639874645706,-1.1172962745980430
Mixtral SFT (Llamav2),-1.2010816098989734,0.1172833112521217,0.1238691398387380
Mixtral-8x7B Instruct,-1.5214501361214670,0.0034207392269699,0.8840960761003548
