,np.tanh(std_delta_len),instruction_difficulty,not_gamed_baseline.astype(float)
Llamav2-7B,-0.5478995756243640,0.0916885086965439,-0.0968816305986250
Mixtral SFT (Mixtral),0.0000000000000000,0.0000000000000000,0.0000000000000000
Llamav2-7B SFT (Llamav2),-0.5130519540065418,0.0827528385925092,-0.1948928603674837
Llamav2-7B SFT (Mixtral),-0.7244874726478350,0.1201965726251627,-0.3881583137063610
Mixtral SFT (Llamav2),-0.5525527231826014,0.0777320088831417,-0.0375892106447025
Mixtral-8x7B Instruct,-0.8399109937466607,0.0884900671137294,-0.1579765110007354
