,np.tanh(std_delta_len),instruction_difficulty,not_gamed_baseline.astype(float)
Mixtral SFT (Llamav2),-0.6183245127869829,0.0971120331255386,0.3162556089197602
Mixtral-8x7B Instruct,-0.4445724792523960,0.0918122159121037,0.1792810143489167
