,np.tanh(std_delta_len),instruction_difficulty,not_gamed_baseline.astype(float)
Llamav2-7B SFT (Mixtral),-0.7055931270725669,0.1342731059114895,-0.5381117011402776
Mixtral SFT (Llamav2),-0.6438995288382331,0.0738989147226231,-0.0012460203382979
Mixtral-8x7B Instruct,-0.7142423676436006,0.1200708332060670,-0.1422566334404681
