,np.tanh(std_delta_len),instruction_difficulty,not_gamed_baseline.astype(float)
Mixtral SFT (Llamav2),-0.4878878347136013,0.0440226411110674,0.6523422524584037
Mixtral-8x7B Instruct,-0.4550302568659276,0.0464982252524035,0.7306542480253685
