,np.tanh(std_delta_len),instruction_difficulty,not_gamed_baseline.astype(float)
Mixtral SFT (Mixtral),-0.6589079128884305,0.0974537545306239,0.0759779682030120
Llamav2-7B SFT (Mixtral),-0.5982580054890847,0.0827301212007833,-0.4581371130139092
Mixtral SFT (Llamav2),-0.6803441045822495,0.1261014975369392,0.1022506177275919
Mixtral-8x7B Instruct,-0.6378029555308059,0.1058142101668745,-0.0725795760541185
