,np.tanh(std_delta_len),instruction_difficulty,not_gamed_baseline.astype(float)
Llamav2-7B,0.0000000000000000,0.0000000000000000,0.0000000000000000
Llamav2-7B SFT (Llamav2),-0.5834936226239005,0.1070660143529289,-0.0404844383912567
Mixtral SFT (Mixtral),-0.6558593186116436,0.1177819098982044,0.0903909595505709
Llamav2-7B SFT (Mixtral),-0.6531781708421933,0.1233482017119557,-0.4648868815263902
Mixtral SFT (Llamav2),-0.6662315513661042,0.1090112424560825,0.0919738736484916
Mixtral-8x7B Instruct,-0.6300343738464940,0.1176605252833834,-0.0801525180086555
