,np.tanh(std_delta_len),instruction_difficulty,not_gamed_baseline.astype(float)
Mixtral SFT (Mixtral),-1.0002631220135472,0.0993929308873741,0.0785881583538110
Llamav2-7B SFT (Mixtral),-0.7045295433270408,0.1547158492218594,-0.6104036361672616
Mixtral SFT (Llamav2),-0.9130182501889812,0.0747151153198858,0.1597228620046342
Mixtral-8x7B Instruct,-0.9522567875731464,0.0469839659493667,0.0000000000000000
