,np.tanh(std_delta_len),instruction_difficulty,not_gamed_baseline.astype(float)
Llamav2-7B SFT (Mixtral),-0.4441437969149373,0.1172308954145072,-0.7859418088887011
Mixtral SFT (Llamav2),-0.8129489583662446,0.0649141158397477,0.0458347025705512
Mixtral-8x7B Instruct,-0.5836122190708346,0.0620806753302602,-0.0256791310735412
