,np.tanh(std_delta_len),instruction_difficulty,not_gamed_baseline.astype(float)
Llamav2-7B,0.0000000000000000,0.0000000000000000,0.0000000000000000
Llamav2-7B SFT (Llamav2),-0.9609880263555628,0.0961253587258462,-0.1777181673369524
Mixtral SFT (Mixtral),-0.7444601203460938,0.1553074832782506,-0.0918818035387820
Llamav2-7B SFT (Mixtral),-0.4611288586466404,0.1551325816010266,-0.7825307654939088
Mixtral SFT (Llamav2),-0.6725509290075982,0.1169314082494206,-0.0166623399416897
Mixtral-8x7B Instruct,-0.6778947000154897,0.1433964212754375,-0.0591687532208179
