,np.tanh(std_delta_len),instruction_difficulty,not_gamed_baseline.astype(float)
Llamav2-7B SFT (Llamav2),-0.8331204994609270,0.1813554460635727,-0.2585250768307763
Mixtral SFT (Mixtral),-0.8784092039134018,0.1353888477563450,0.0000000000000000
Llamav2-7B SFT (Mixtral),-0.9160004037341440,0.1380647592241533,-0.9010986385119308
Mixtral SFT (Llamav2),-1.0348541584741888,0.1822221833905168,0.0000000000000000
Mixtral-8x7B Instruct,-0.8870157093150943,0.1492050299638614,-0.1965034328271169
