,np.tanh(std_delta_len),instruction_difficulty,not_gamed_baseline.astype(float)
Llamav2-7B SFT (Mixtral),-0.8080080911791039,0.0995022280678805,-0.6102954290107188
Mixtral SFT (Llamav2),-0.9716640401864350,0.1629568743271524,0.0000000000000000
Mixtral-8x7B Instruct,-0.8887001328693316,0.1371388295034460,-0.1625153151134449
