,np.tanh(std_delta_len),instruction_difficulty,not_gamed_baseline.astype(float)
Llamav2-7B SFT (Llamav2),-0.3580083513329241,0.1375154275069102,-0.0248676131395184
Mixtral SFT (Mixtral),-0.3174512578348048,0.1345384313155099,0.0283421709267538
Llamav2-7B SFT (Mixtral),-0.6989247131197556,0.1374793410294545,-0.5266258583195045
Mixtral SFT (Llamav2),-0.4112024844691597,0.1331794549674284,0.1375920192997543
Mixtral-8x7B Instruct,-0.4676488339028523,0.1582689997302605,-0.1346834425000129
