,np.tanh(std_delta_len),instruction_difficulty,not_gamed_baseline.astype(float)
Llamav2-7B SFT (Llamav2),-0.6991227354149975,0.0995706624885004,-0.4336209722682032
Mixtral SFT (Mixtral),-0.7580792813644796,0.0761250462385253,-0.1663183045768440
Llamav2-7B SFT (Mixtral),-0.0295125245312068,0.1350226227218734,-1.0748483877984385
Mixtral SFT (Llamav2),-0.9217132815285968,0.0458991731370396,-0.0053619428024031
Mixtral-8x7B Instruct,-0.8169446170695430,0.0561551668161436,-0.2025936751707969
