,np.tanh(std_delta_len),instruction_difficulty,not_gamed_baseline.astype(float)
Mixtral SFT (Mixtral),-0.5665125226496456,0.1076160622424556,0.2190784533352175
Llamav2-7B SFT (Mixtral),-0.5912858780014218,0.1439317700638968,-0.3954846471937871
Mixtral SFT (Llamav2),-0.6468072870398462,0.1450235222751859,0.2285331524519162
Mixtral-8x7B Instruct,-0.4813644387631096,0.1435197952707051,-0.0087576957328958
