,np.tanh(std_delta_len),instruction_difficulty,not_gamed_baseline.astype(float)
Llamav2-7B,-0.2993350433019490,0.1239562580028679,0.3339517914698677
Llamav2-7B SFT (Mixtral),0.0000000000000000,0.0000000000000000,0.0000000000000000
Mixtral SFT (Mixtral),-0.5612077316074414,0.1315963001748275,0.6267506406763175
Llamav2-7B SFT (Llamav2),-0.3285111051952821,0.1300324657583594,0.2434307513264770
Mixtral SFT (Llamav2),-0.7023118709018364,0.1256580164346214,0.5408896474877082
Mixtral-8x7B Instruct,-0.5142091411397036,0.1646478631219614,0.2450674672505740
