,np.tanh(std_delta_len),instruction_difficulty,not_gamed_baseline.astype(float)
Llamav2-7B SFT (Mixtral),-0.2022675907333504,0.2262917191080013,-1.0787525382846972
Mixtral SFT (Llamav2),-0.7140846995626537,0.0852047981040813,0.1257681170839644
Mixtral-8x7B Instruct,-0.7422566777116025,0.0293141122013375,-0.0687145028552718
