,np.tanh(std_delta_len),instruction_difficulty,not_gamed_baseline.astype(float)
Mixtral SFT (Mixtral),-0.9200182380766552,0.1463234699890758,0.4259699203156557
Llamav2-7B SFT (Mixtral),-0.4640257099637028,0.1366944735377748,-0.4380798143692055
Mixtral SFT (Llamav2),-0.9205720523265259,0.1663244316009244,0.4746068323830184
Mixtral-8x7B Instruct,-0.6256879615324535,0.1044339916321973,0.0891482877409793
