,np.tanh(std_delta_len),instruction_difficulty,not_gamed_baseline.astype(float)
Llamav2-7B SFT (Mixtral),-0.7424258686257632,0.1480124807532885,-0.6856827416856036
Mixtral SFT (Llamav2),-0.5008146073023199,0.0857551440221205,-0.0114800953480582
Mixtral-8x7B Instruct,-0.6611551213172463,0.1312157494369110,-0.2465648029441151
