,np.tanh(std_delta_len),instruction_difficulty,not_gamed_baseline.astype(float)
Mixtral SFT (Mixtral),-0.5148146404412730,0.0000000000000000,0.2057977049448754
Llamav2-7B SFT (Mixtral),0.0199298079397778,0.1363775444265455,-0.6081249308967949
Mixtral SFT (Llamav2),-0.6261766033882957,0.0157481322572356,0.4694756924521863
Mixtral-8x7B Instruct,-0.5132006590805086,-0.0022408282087536,0.2641582404894605
