,np.tanh(std_delta_len),instruction_difficulty,not_gamed_baseline.astype(float)
Llamav2-7B SFT (Llamav2),-0.9152581383524973,0.0721901109179606,-0.2360681059373563
Mixtral SFT (Mixtral),-1.0567705574295108,0.0000000000000000,1.1312006638469077
Llamav2-7B SFT (Mixtral),-0.0536143478473413,0.1063894557384853,-1.4677843645779880
Mixtral SFT (Llamav2),-0.8310374655056598,0.0277760749417153,-0.0598912540972780
Mixtral-8x7B Instruct,-1.4634695688273907,0.0629208499819595,1.2955001679042177
