,np.tanh(std_delta_len),instruction_difficulty,not_gamed_baseline.astype(float)
Mixtral SFT (Mixtral),-1.1701214139853926,0.0349980560223761,1.4082922191355602
Llamav2-7B SFT (Mixtral),-0.1397700910959912,0.1477943183176082,-1.1611588099764247
Mixtral SFT (Llamav2),-0.7821956937421242,0.0910217161543545,0.1107686770317015
Mixtral-8x7B Instruct,-1.7659180442003439,0.0280696989911884,1.7399189875185443
