,np.tanh(std_delta_len),instruction_difficulty,not_gamed_baseline.astype(float)
Llamav2-7B SFT (Mixtral),-0.7548557978864714,0.2699475561329228,-3.1221426748835239
Mixtral SFT (Llamav2),-1.2097112692736018,0.2035501777181974,-1.4417938871350708
Mixtral-8x7B Instruct,-1.0382972253875771,0.0614474554534479,0.0140237335440707
