,np.tanh(std_delta_len),instruction_difficulty,not_gamed_baseline.astype(float)
Llamav2-7B SFT (Llamav2),-0.7743086297518798,0.1200208027514123,-0.0811179167782065
Mixtral SFT (Mixtral),-0.6492976809512689,0.1349059461142011,-0.1335438491877861
Llamav2-7B SFT (Mixtral),-0.4727620386323682,0.1953617018697834,-0.6603369028178780
Mixtral SFT (Llamav2),-0.7204779052630628,0.0845548487313864,-0.0020406369428354
Mixtral-8x7B Instruct,-0.6983028725809887,0.1292029087523848,-0.0821222805988022
