,np.tanh(std_delta_len),instruction_difficulty,not_gamed_baseline.astype(float)
Mixtral SFT (Llamav2),-0.7335918578310786,0.1060202774056937,0.5284853523304046
Mixtral-8x7B Instruct,-0.4078226550154640,0.0935905759630714,0.2468768132848472
