,np.tanh(std_delta_len),instruction_difficulty,not_gamed_baseline.astype(float)
Llamav2-7B SFT (Llamav2),-0.5448361772401437,0.0763434414820007,-0.0307247383440390
Mixtral SFT (Mixtral),-0.6643462775955633,0.0922438021620128,0.0726556756904421
Llamav2-7B SFT (Mixtral),-0.6697958838282499,0.1170242504727675,-0.4213363014674218
Mixtral SFT (Llamav2),-0.6109738162626113,0.1091861235350292,0.0816363537131926
Mixtral-8x7B Instruct,-0.5310426962104716,0.0970801846263396,-0.0852328630041367
