,np.tanh(std_delta_len),instruction_difficulty,not_gamed_baseline.astype(float)
Llamav2-7B SFT (Mixtral),-0.7177972798552322,0.0991089250486168,-0.5140819355994725
Mixtral SFT (Llamav2),-0.5162174069706265,0.1037358462584231,0.0349228317827157
Mixtral-8x7B Instruct,-0.6445996106119214,0.1044627019439777,-0.1187924758430658
