,np.tanh(std_delta_len),instruction_difficulty,not_gamed_baseline.astype(float)
Mixtral SFT (Llamav2),-0.7785743007003181,0.0801121943420048,0.5206461448299503
Mixtral-8x7B Instruct,-0.5014851803763301,0.0732633787070320,0.2977975344910765
