,np.tanh(std_delta_len),instruction_difficulty,not_gamed_baseline.astype(float)
Llamav2-7B SFT (Mixtral),-0.5305010465342203,0.2239346794459680,-0.7922802182959752
Mixtral SFT (Llamav2),-0.6580783993760911,0.0269729432456495,0.0077795300738179
Mixtral-8x7B Instruct,-0.4984318972511675,0.1137451119505934,-0.0361074775871634
