,np.tanh(std_delta_len),instruction_difficulty,not_gamed_baseline.astype(float)
Llamav2-7B SFT (Llamav2),0.0000000000000000,0.0000000000000000,0.0000000000000000
Llamav2-7B,-0.4055410255552956,0.0683648277736639,0.0024686714529785
Mixtral SFT (Mixtral),-0.5468859121048503,0.0747976972124488,0.1766235057112779
Llamav2-7B SFT (Mixtral),-0.4655949450080096,0.0955833919408703,-0.2715384711088693
Mixtral SFT (Llamav2),-0.5398277694097354,0.0927692979011272,0.1447258849157022
Mixtral-8x7B Instruct,-0.4140251325684914,0.0923710186219731,0.0364914517643085
