,np.tanh(std_delta_len),instruction_difficulty,not_gamed_baseline.astype(float)
Llamav2-7B SFT (Llamav2),0.0000000000000000,0.0000000000000000,0.0000000000000000
Llamav2-7B,-0.4055410255552956,0.0683648277736639,0.0024686714529785
Mixtral SFT (Mixtral),-0.8174339842194662,0.0837093831617417,0.0914973698563471
Llamav2-7B SFT (Mixtral),-0.6031214777100248,0.1935455220417670,-0.5714661131252751
Mixtral SFT (Llamav2),-0.8234158219412865,0.0870215217473662,0.1465996856324483
Mixtral-8x7B Instruct,-0.8720121695473760,0.0536568544386140,0.0391296516508756
