,np.tanh(std_delta_len),instruction_difficulty,not_gamed_baseline.astype(float)
Llamav2-7B SFT (Llamav2),-0.5758991589925702,0.0895424644258206,-0.0856992173904061
Mixtral SFT (Mixtral),-0.6127722705902376,0.1361337482229549,0.0866136823407339
Llamav2-7B SFT (Mixtral),-0.5625781076445667,0.1050817361927064,-0.3823853792441245
Mixtral SFT (Llamav2),-0.5592954012448914,0.1149139539236810,0.0972135718038122
Mixtral-8x7B Instruct,-0.4654533312922315,0.1069345819720776,-0.0253195589429147
