,np.tanh(std_delta_len),instruction_difficulty,not_gamed_baseline.astype(float)
Llamav2-7B SFT (Mixtral),-0.6809431718094278,0.1075379964234505,-0.4189316977293707
Mixtral SFT (Llamav2),-0.5890767107011705,0.0824600804857404,0.0000000000000000
Mixtral-8x7B Instruct,-0.7030484326655281,0.0895437435067483,-0.1537959126128958
