,np.tanh(std_delta_len),instruction_difficulty,not_gamed_baseline.astype(float)
Llamav2-7B SFT (Llamav2),0.0000000000000000,0.0000000000000000,0.0000000000000000
Llamav2-7B,-0.4055410255552956,0.0683648277736639,0.0024686714529785
Mixtral SFT (Mixtral),-0.6916766961053146,0.0910149728407197,0.1250399313115479
Llamav2-7B SFT (Mixtral),-0.5805094337882758,0.0711994011525725,-0.3513815542065041
Mixtral SFT (Llamav2),-0.6971768715553559,0.0863904252255160,0.1265667744064242
Mixtral-8x7B Instruct,-0.5886924661460501,0.0787396791188622,-0.0253779870467482
