,np.tanh(std_delta_len),instruction_difficulty,not_gamed_baseline.astype(float)
Mixtral SFT (Llamav2),-0.5375345310125483,0.0760972006079545,0.5046985211743175
Mixtral-8x7B Instruct,-0.5357942170219988,0.0683856616685329,0.6666185821648124
